{
  "hash": "d4fc5502",
  "configHash": "dd467bc7",
  "lockfileHash": "9610f676",
  "browserHash": "9d8d91f4",
  "optimized": {
    "@angular/core": {
      "src": "../../../../../../node_modules/@angular/core/fesm2022/core.mjs",
      "file": "@angular_core.js",
      "fileHash": "0c5da73e",
      "needsInterop": false
    },
    "@angular/platform-browser": {
      "src": "../../../../../../node_modules/@angular/platform-browser/fesm2022/platform-browser.mjs",
      "file": "@angular_platform-browser.js",
      "fileHash": "205cf0dc",
      "needsInterop": false
    },
    "@angular/router": {
      "src": "../../../../../../node_modules/@angular/router/fesm2022/router.mjs",
      "file": "@angular_router.js",
      "fileHash": "3f7b8848",
      "needsInterop": false
    }
  },
  "chunks": {
    "chunk-LWAZY2BF": {
      "file": "chunk-LWAZY2BF.js"
    },
    "chunk-TB4GGM56": {
      "file": "chunk-TB4GGM56.js"
    }
  }
}